                  epoch,         train/box_loss,         train/cls_loss,         train/dfl_loss,   metrics/precision(B),      metrics/recall(B),       metrics/mAP50(B),    metrics/mAP50-95(B),           val/box_loss,           val/cls_loss,           val/dfl_loss,                 lr/pg0,                 lr/pg1,                 lr/pg2
                      1,                 5.7245,                 175.99,                  3.446,                      0,                      0,                      0,                      0,                 2.5206,                 243.32,                 1.4817,                0.00015,                0.00015,                0.00015
                      2,                 5.9424,                 119.35,                 3.4717,                      0,                      0,                      0,                      0,                 2.5791,                 223.31,                 1.4741,             0.00024862,             0.00024862,             0.00024862
                      3,                 6.6444,                 53.905,                 3.6026,                      0,                      0,                      0,                      0,                 4.1355,                  159.6,                 2.0157,             0.00028388,             0.00028388,             0.00028388
                      4,                  5.444,                 21.075,                 2.8172,                      0,                      0,                      0,                      0,                 5.1988,                  103.9,                 2.4011,             0.00025578,             0.00025578,             0.00025578
                      5,                 4.9696,                 17.752,                 2.8154,                      0,                      0,                      0,                      0,                 6.8857,                   35.3,                 2.8769,             0.00016432,             0.00016432,             0.00016432
